state,CAMPING,FISHING,HIKING,Mortality
ID,1.031441961018714,1.547162941528071,2.5786049025467848,250.55999999999997
MT,3.5623096947367765,2.671732271052582,3.5623096947367765,317.53636363636366
OR,1.1792071812773974,0.7075243087664385,0.943365745021918,232.4222222222222
WA,0.5137567356719026,0.5137567356719026,1.0275134713438052,256.5833333333333
WY,3.440084901295364,3.440084901295364,6.880169802590728,298.11538461538464
